{
	"format_version": "1.10.0",
	"animations": {
		"animation.bow.wield": {
			"bones": {
				"revolver": {
					"position": [0, 0, 5],
					"rotation": [3, 65, -30],
					"scale": 1.75
				},
				"whisky": {
					"position": [0, 0, 5],
					"rotation": [3, 65, -30],
					"scale": 1.49
				},
				"cigar": {
					"position": [0, 1, 3],
					"rotation": [3, 65, -30],
					"scale": 1.8
				},
				"harmonica": {
					"position": [0, 0, 5],
					"rotation": [3, 65, -30],
					"scale": 1.75
				},
				"Shotgun": {
					"rotation": [-65, -3, -30],
					"position": [0, 1, 9],
					"scale": 1.7
				}
			},
			"loop": "hold_on_last_frame"
		},
		"animation.bow.tricks": {
			"animation_length": 12,
			"bones": {
				"handrevolver": {
					"rotation": {
						"0.0": [0, 0, 0],
						"6.7917": [0, 0, 0],
						"6.9583": [-22.5, 0, 0],
						"7.0417": [-27.5, 0, 0],
						"7.2083": [62.5, 0, 0],
						"7.25": [70, 0, 0],
						"7.3333": [62.5, 0, 0],
						"7.5417": [65, 0, 0],
						"7.7917": [-325, 0, 0],
						"8.0417": [-750, 0, 0],
						"8.1667": [-759.28571, 0, 0],
						"8.25": [-759.28571, 0, 0],
						"8.5": [-710.83333, 0, 0],
						"8.6667": [-720, 0, 0],
						"8.7917": [-720, 0, 0],
						"8.9167": [-717.5, 0, 0],
						"9.0833": [-752.5, 0, 0],
						"9.2083": [-742.5, 0, 0],
						"9.4583": [-387.5, 0, 0],
						"9.5417": [-367.5, 0, 0],
						"9.7083": [-380, 0, 0],
						"9.7917": [-380, 0, 0],
						"9.875": [-372.5, 0, 0],
						"10.25": [-740, 0, 0],
						"10.3333": [-723.75, 0, 0],
						"10.4583": [-725, 0, 0],
						"10.6667": [-682.5, 0, 0],
						"10.7083": [-675, 0, 0],
						"10.8333": [-682.5, 0, 0],
						"11.2083": [-1042.5, 0, 0],
						"11.3333": [-1085, 0, 0],
						"11.5417": [-1140, 0, 0],
						"11.625": [-1080, 0, 0],
						"11.6667": [-1072.5, 0, 0],
						"11.7917": [-1080, 0, 0]
					},
					"position": {
						"0.0": [0, 0, 0],
						"7.5417": [0, 0, 0],
						"7.7917": [0, 0, -2],
						"8.25": [0, 0, 0],
						"8.7917": [0, 0, 0],
						"10.4583": [0, 0, 0],
						"10.6667": [0, 0, 2],
						"10.8333": [0, 0, 2],
						"11.1667": [0, 0, -14],
						"11.3333": [0, 0, -13],
						"11.5417": [0, 0, 2],
						"11.6667": [0, 0, 1],
						"11.7917": [0, 0, 0]
					},
					"scale": {
						"0.0": [1, 1, 1],
						"8.7917": [1, 1, 1]
					}
				}
			},
			"sound_effects": {
				"6.65": {
					"effect": "revolver.tricks0"
				},
				"9.0417": {
					"effect": "revolver.tricks1"
				},
				"10.2": {
					"effect": "revolver.tricks2"
				}
			}
		},
		"animation.crossbow.sprint": {
			"animation_length": 0.58333,
			"loop": "hold_on_last_frame",
			"bones": {
				"Shotgun": {
					"rotation": {
						"0.0": [0, 0, 0],
						"0.125": [42.54624, -4.88119, -61.08482],
						"0.2083": [47.6779, -3.18784, -62.92677],
						"0.2917": [42.55, -4.88, -61.08]
					},
					"position": [0, 0, 0],
					"scale": 1
				}
			}
		},
	"animation.crossbow.not.sprint": {
		"animation_length": 0.58333,
		"loop": "hold_on_last_frame",
			"bones": {
				"Shotgun": {
					"rotation": {
						"0.0": [42.55, -4.88, -61.08],
						"0.125": [0, 0, 0],
						"0.2083": [0, 0, 2.5],
						"0.2917": [0, 0, 0]
					},
					"position": [0, 0, 0],
					"scale": 1
				}
			}
		},
		"animation.bow.wield_first_person_sprint": {
			"loop": "hold_on_last_frame",
			"animation_length": 0.25,
			"bones": {
				"revolver": {
					"rotation": {
						"0.0": [0, 0, 0],
						"0.0833": [-17, 0, 0],
						"0.125": [-50.5, 0, 0],
						"0.2083": [-42.5, 0, 0]
					}
				}
			}
		},
		"animation.harmonica_play": {
			"animation_length": 0.5,
			"bones": {
				"harmonica": {
					"position": [10, -1, -10],
					"rotation": [-10, -3, -3],
					"scale": 1.75
				    }
				},
				"particle_effects": {
				"0.01": {
					"effect": "notes.particle",
					"locator": "particle"
				}
			}
		},
		"animation.bow.wield_first_person_not_sprint": {
			"loop": "hold_on_last_frame",
			"animation_length": 0.20833,
			"bones": {
				"revolver": {
					"rotation": {
						"0.0": [-42.5, 0, 0],
						"0.125": [0, 0, 0],
						"0.1667": [5, 0, 0],
						"0.2083": [0, 0, 0]
					}
				}
			}
		},
		"animation.bow.wield_first_person_pull": {
			"loop": "hold_on_last_frame",
			"animation_length": 0.875,
			"bones": {
				"revolver": {
					"rotation": {
						"0.0": [0, 0, 0],
						"0.1667": [-7.5, 0, 0],
						"0.4167": [44.01773, 13.17187, -2.89673],
						"0.5833": [39.01773, 13.17187, -2.89673],
						"0.7083": [-7.5, 0, 0],
						"0.75": [0, 0, 0]
					},
					"position": {
						"0.0": [0, 0, 0],
						"0.1667": [0, 0, 0]
					},
					"scale": {
						"0.0": [1, 1, 1],
						"0.1667": [1, 1, 1]
					}
				},
				"hammer": {
					"rotation": {
						"0.25": [0, 0, 0],
						"0.5": [-45, 0, 0]
					},
					"position": [0, 0, 0],
					"scale": 1
				}
			},
			"sound_effects": {
				"0.0417": {
					"effect": "revolver.cocking"
				}
			}
		},
		"animation.bow.wield_first_person_use": {
			"animation_length": 0.91667,
			"bones": {
				"revolver": {
					"rotation": {
						"0.0": [0, 0, 0],
						"0.0833": [-25, 0, 0],
						"0.125": [-22.5, 0, 0],
						"0.2917": [10, 0, 0],
						"0.4167": [0, 0, 0],
						"0.4583": [-2.5, 0, 0],
						"0.5833": [0, 0, 0]
					}
				},
				"hammer": {
					"rotation": {
						"0.0": [-15, 0, 0],
						"0.0417": [0, 0, 0],
						"0.0833": [27.5, 0, 0],
						"0.25": [0, 0, 0]
					}
				}
			}
		},
		"animation.bow.wield_third_person": {
			"bones": {
				"revolver": {
					"position": [0, 0, 0],
					"rotation": [0, 0, 0]
				},
				"Shotgun": {
					"rotation": [0, 0, 0],
					"position": [0, 0, 0],
					"scale": 1.0
				}
			},
			"loop": true
		},
		"animation.crossbow.charging": {
			"animation_length": 1.29167,
			"bones": {
				"barrel": {
					"rotation": {
						"0.0": [0, 0, 0],
						"0.0417": [0, 0, 0],
						"0.125": [0, 0, 5],
						"0.1667": [0, 0, 0],
						"0.25": [0, 0, -27.5],
						"0.2917": [0, 0, -35],
						"0.3333": [0, 0, -30],
						"0.7917": [0, 0, -30],
						"0.9583": [0, 0, 5],
						"1.0": [0, 0, 0]
					},
					"position": {
						"0.0": [0, 0, 0],
						"0.0417": [0, 0, 0],
						"0.125": [0, 0, 0],
						"0.7917": [0, 0, 0]
					},
					"scale": {
						"0.0": [1, 1, 1],
						"0.125": [1, 1, 1],
						"0.7917": [1, 1, 1]
					}
				},
				"Shotgun": {
					"rotation": {
						"0.0": [0, 0, 0],
						"0.125": [0, 0, 20],
						"0.2083": [0, 0, 0],
						"0.2917": [0, 0, -2.5],
						"0.375": [0, 0, 0]
					}
				},
				"shell2": {
					"rotation": {
						"0.0": [0, 0, 0],
						"0.2083": [0, 0, 0],
						"0.5": [0, 0, 67.5],
						"0.5417": [0, 0, 122.5],
						"0.5833": {"pre": [0, 0, 122.5], "post": [0, 0, 0]}
					},
					"position": {
						"0.0": [0, 0, 0],
						"0.2083": [0, 0, 0],
						"0.3333": [7, 0, 0],
						"0.4167": [9, -3, 0],
						"0.5": [9, -8, 0],
						"0.5417": [6, -14, 0],
						"0.5833": {"pre": [6, -14, 0], "post": [6, 0, 0]},
						"0.75": [0, 0, 0]
					},
					"scale": {
						"0.0": [1, 1, 1],
						"0.2083": [1, 1, 1],
						"0.5417": [1, 1, 1],
						"0.5833": [1, 1, 1]
					}
				},
				"shell3": {
					"rotation": {
						"0.2083": [0, 0, 0],
						"0.375": [0, 0, 25],
						"0.4583": [0, 10, 47.5],
						"0.5833": [0, 0, 0]
					},
					"position": {
						"0.2083": [0, 0, 0],
						"0.2917": [2, 0, 0],
						"0.375": [6, 0, 0],
						"0.4583": [9, -3, -1],
						"0.5417": [10, -6, -2],
						"0.5833": [6.25, -3, -0.5],
						"0.625": {"pre": [6.25, -3, -0.5], "post": [4, 0, 0]},
						"0.75": [0, 0, 0]
					},
					"scale": {
						"0.2083": [1, 1, 1],
						"0.5417": [1, 1, 1],
						"0.5833": [0.6, 0, 0],
						"0.625": {"pre": [0.6, 0, 0],